Profile Name,Title Name,Country,Utc Title Add Date
Jane,"tick, tick...BOOM!",United Kingdom,2022-01-25
Jane,Army of the Dead,United Kingdom,2022-01-21
Jane,Zombieland,United Kingdom,2022-01-21
Jane,The Gentlemen,United Kingdom,2022-01-16
Jane,Stay Close,United Kingdom,2022-01-16
Jane,Inside Man,United Kingdom,2022-01-05
Jane,The Lost Daughter,United Kingdom,2022-01-05
Jane,Motherland,United Kingdom,2022-01-05
Jane,Don't Look Up,United Kingdom,2021-12-28
Jane,The Power of the Dog,United Kingdom,2021-12-21
Jane,Cape Fear,United Kingdom,2021-12-21
Jane,The Unforgivable,United Kingdom,2021-12-17
Jane,The Yukon Assignment,United Kingdom,2021-12-17
Jane,The River Runner,United Kingdom,2021-12-11
Jane,Tiger King,United Kingdom,2021-11-21
Jane,Catching Killers,United Kingdom,2021-11-21
Jane,The Forgotten Battle,United Kingdom,2021-10-22
Jane,The Guilty,United Kingdom,2021-10-15
Jane,You,United Kingdom,2021-10-15
Jane,The Magnificent Seven,United Kingdom,2021-09-18
Jane,Count Me In,United Kingdom,2021-08-30
Jane,American Factory,United Kingdom,2021-08-17
Jane,City of God: 10 Years Later,United Kingdom,2021-08-17
Jane,The Mule,United Kingdom,2021-08-08
Jane,Masterpiece Contemporary: Page Eight,United Kingdom,2021-07-31
Jane,Midsommar,United Kingdom,2021-07-28
Jane,Blood Diamond,United Kingdom,2021-07-22
Jane,The Sum of All Fears,United Kingdom,2021-07-22
Jane,Sophie: A Murder in West Cork,United Kingdom,2021-07-05
Jane,Assassin's Creed,United Kingdom,2021-06-02
Jane,The Mexican,United Kingdom,2021-05-28
Jane,Easy Rider,United Kingdom,2021-05-15
Jane,Danger Close: The Battle of Long Tan,United Kingdom,2021-05-15
Jane,Halston,United Kingdom,2021-05-15
Jane,Saving Private Ryan,United Kingdom,2021-05-15
Jane,Stowaway,United Kingdom,2021-05-01
Jane,Screwball,United Kingdom,2021-04-05
Jane,"Crack: Cocaine, Corruption & Conspiracy",United Kingdom,2021-04-05
Jane,White Boy,United Kingdom,2021-04-05
Jane,Our Godfather,United Kingdom,2021-04-05
Jane,1922,United Kingdom,2021-03-26
Jane,Operation Varsity Blues: The College Admissions Scandal,United Kingdom,2021-03-26
Jane,The Lost Pirate Kingdom,United Kingdom,2021-03-26
Jane,Winter's Bone,United Kingdom,2021-03-26
Jane,Evil Genius: the True Story of America's Most Diabolical Bank Heist,United Kingdom,2021-03-14
Jane,Made You Look: A True Story About Fake Art,United Kingdom,2021-03-12
Jane,Athlete A,United Kingdom,2021-03-12
Jane,A Call to Spy,United Kingdom,2021-03-12
Jane,Behind Her Eyes,United Kingdom,2021-03-03
Jane,Something Borrowed,United Kingdom,2021-03-03
Jane,Capone,United Kingdom,2021-03-03
Jane,Long Shot,United Kingdom,2021-03-03
Jane,Age of Samurai: Battle for Japan,United Kingdom,2021-03-01
Jane,Crime Scene: The Vanishing at the Cecil Hotel,United Kingdom,2021-02-10
Jane,Superstore,United Kingdom,2021-02-01
Jane,Errementari: The Blacksmith and the Devil,United Kingdom,2021-01-30
Jane,Bling Empire,United Kingdom,2021-01-29
Jane,Taking Lives,United Kingdom,2020-12-26
Jane,Death to 2020,United Kingdom,2020-12-26
Jane,Night Stalker: The Hunt for a Serial Killer,United Kingdom,2020-12-26
Jane,Angela's Christmas 2,United Kingdom,2020-12-23
Jane,The Ripper,United Kingdom,2020-12-18
Jane,The Prestige,United Kingdom,2020-12-15
Jane,A Christmas Prince: The Royal Baby,United Kingdom,2020-12-12
Jane,A Christmas Prince: The Royal Wedding,United Kingdom,2020-12-12
Jane,The Old Guard,United Kingdom,2020-11-29
Jane,Holmes & Watson,United Kingdom,2020-11-29
Jane,Mortal Engines,United Kingdom,2020-11-29
Jane,Jack Reacher: Never Go Back,United Kingdom,2020-11-29
Jane,The Man from U.N.C.L.E.,United Kingdom,2020-11-13
Jane,The Equalizer 2,United Kingdom,2020-11-13
Jane,Outbreak,United Kingdom,2020-11-13
Jane,Blended,United Kingdom,2020-11-06
Jane,The Trial of the Chicago 7,United Kingdom,2020-11-06
Jane,Operation Christmas Drop,United Kingdom,2020-11-06
Jane,The Sum of All Fears,United Kingdom,2020-11-01
Jane,Contagion,United Kingdom,2020-11-01
Jane,The Girl in the Spider's Web,United Kingdom,2020-11-01
Jane,Barbarians,United Kingdom,2020-10-31
Jane,The Duchess,United Kingdom,2020-10-11
Jane,The Haunting of Bly Manor,United Kingdom,2020-10-11
Jane,David Attenborough: A Life on Our Planet,United Kingdom,2020-10-11
Jane,Jack Whitehall: Travels with My Father,United Kingdom,2020-10-11
Jane,Emily in Paris,United Kingdom,2020-10-11
Jane,American Murder: The Family Next Door,United Kingdom,2020-10-05
Jane,Vacation,United Kingdom,2020-09-17
Jane,Anelka: Misunderstood,United Kingdom,2020-08-12
Jane,Trump: An American Dream,United Kingdom,2020-07-10
Jane,America's Book of Secrets,United Kingdom,2020-07-10
Jane,Mission: Impossible - Fallout,United Kingdom,2020-07-10
Jane,RocknRolla,United Kingdom,2020-07-10
Jane,Unorthodox,United Kingdom,2020-06-19
Jane,Rick and Morty,United Kingdom,2020-06-19
Jane,Magnetic,United Kingdom,2020-06-13
Jane,Lenox Hill,United Kingdom,2020-06-12
Jane,Jeffrey Epstein: Filthy Rich,United Kingdom,2020-06-01
Jane,Money Heist,United Kingdom,2020-05-22
Jane,The 12th Man,United Kingdom,2020-05-15
Jane,Godless,United Kingdom,2020-04-30
Jane,The Last Kingdom,United Kingdom,2020-04-30
Jane,Bethany Hamilton: Unstoppable,United Kingdom,2020-04-13
Jane,The Town,United Kingdom,2020-04-10
Jane,Kilo Two Bravo,United Kingdom,2020-04-10
Jane,The Outsider,United Kingdom,2020-04-09
Jane,Captain Fantastic,United Kingdom,2020-04-09
Jane,Designated Survivor,United Kingdom,2020-04-04
Jane,Self Made: Inspired by the Life of Madam C.J. Walker,United Kingdom,2020-03-27
Jane,Tiger King,United Kingdom,2020-03-21
Jane,Apollo 11,United Kingdom,2020-03-20
Jane,She's Out of My League,United Kingdom,2020-03-08
Jane,Hostiles,United Kingdom,2020-02-29
Jane,Formula 1: Drive to Survive,United Kingdom,2020-02-29
Jane,Coming to America,United Kingdom,2020-02-29
Jane,Green Street Hooligans,United Kingdom,2020-02-28
Jane,The Pharmacist,United Kingdom,2020-02-14
Jane,Marriage Story,United Kingdom,2020-02-14
Jane,Arctic,United Kingdom,2020-02-08
Jane,The Stranger,United Kingdom,2020-02-06
Jane,Miss Americana,United Kingdom,2020-01-31
Jane,Darkest Hour,United Kingdom,2020-01-31
Jane,Wallander,United Kingdom,2019-12-31
Jane,You,United Kingdom,2019-12-30
Jane,True Grit,United Kingdom,2019-12-28
Jane,The Two Popes,United Kingdom,2019-12-21
Jane,The King,United Kingdom,2019-12-06
Jane,Angels & Demons,United Kingdom,2019-12-06
Jane,Tears of the Sun,United Kingdom,2019-12-06
Jane,Colette,United Kingdom,2019-11-22
Jane,A Bad Moms Christmas,United Kingdom,2019-11-22
Jane,The Accountant of Auschwitz,United Kingdom,2019-11-22
Jane,Holiday Secrets,United Kingdom,2019-11-22
Jane,"Bikram: Yogi, Guru, Predator",United Kingdom,2019-11-22
Jane,Who Killed Little Gregory?,United Kingdom,2019-11-22
Jane,Retribution,United Kingdom,2019-11-22
Jane,Spinning Man,United Kingdom,2019-11-11
Jane,The Devil Next Door,United Kingdom,2019-11-11
Jane,Arctic,United Kingdom,2019-11-11
Jane,The Lincoln Lawyer,United Kingdom,2019-11-11
Jane,The Frozen Ground,United Kingdom,2019-11-11
Jane,The Laundromat,United Kingdom,2019-10-19
Jane,Two Weeks Notice,United Kingdom,2019-10-19
Jane,He's Just Not That Into You,United Kingdom,2019-10-19
Jane,Fractured,United Kingdom,2019-10-12
Jane,El Camino: A Breaking Bad Movie,United Kingdom,2019-10-12
Jane,Cold Case Files,United Kingdom,2019-10-05
Jane,Wild,United Kingdom,2019-10-04
Jane,A Simple Favor,United Kingdom,2019-10-04
Jane,Luther,United Kingdom,2019-09-23
Jane,Surviving R. Kelly,United Kingdom,2019-09-22
Jane,Criminal: UK,United Kingdom,2019-09-22
Jane,Inside Bill's Brain: Decoding Bill Gates,United Kingdom,2019-09-21
Jane,The Letdown,United Kingdom,2019-09-16
Jane,The Spy,United Kingdom,2019-09-06
Jane,Atomic Blonde,United Kingdom,2019-08-31
Jane,The Mask of Zorro,United Kingdom,2019-08-31
Jane,Blade Runner 2049,United Kingdom,2019-08-30
Jane,MINDHUNTER,United Kingdom,2019-08-17
Jane,Formula 1: Drive to Survive,United Kingdom,2019-08-16
Jane,The Family,United Kingdom,2019-08-13
Jane,In the Line of Fire,United Kingdom,2019-08-11
Jane,Creed II,United Kingdom,2019-08-10
Jane,Mission: Impossible - Ghost Protocol,United Kingdom,2019-08-10
Jane,Valkyrie,United Kingdom,2019-08-10
Jane,Bobby Robson: More Than a Manager,United Kingdom,2019-08-10
Jane,Iron Cowboy: The Story of the 50.50.50,United Kingdom,2019-08-10
Jane,The Dark Tower,United Kingdom,2019-08-10
Jane,The Accountant,United Kingdom,2019-08-10
Jane,American Made,United Kingdom,2019-08-03
Jane,Marvel's Jessica Jones,United Kingdom,2019-07-27
Jane,Mile 22,United Kingdom,2019-07-27
Jane,Wildlife,United Kingdom,2019-07-27
Jane,The Great Hack,United Kingdom,2019-07-27
Jane,The Fugitive,United Kingdom,2019-07-27
Jane,Dead Man Walking,United Kingdom,2019-06-21
Jane,"Girl, Interrupted",United Kingdom,2019-06-21
Jane,Baby Driver,United Kingdom,2019-06-02
Jane,On Chesil Beach,United Kingdom,2019-06-02
Jane,The Mummy,United Kingdom,2019-06-02
Jane,Wind River,United Kingdom,2019-06-02
Jane,Kim Swims,United Kingdom,2019-05-10
Jane,Adrift,United Kingdom,2019-04-27
Jane,The Five-Year Engagement,United Kingdom,2019-04-27
Jane,Isn't It Romantic,United Kingdom,2019-04-27
Jane,Hall Pass,United Kingdom,2019-04-27
Jane,What to Expect When You're Expecting,United Kingdom,2019-04-27
Jane,50 First Dates,United Kingdom,2019-04-27
Jane,Street Food: Asia,United Kingdom,2019-04-27
Jane,Easy A,United Kingdom,2019-04-27
Jane,Triple Frontier,United Kingdom,2019-04-13
Jane,Black Summer,United Kingdom,2019-04-12
Jane,Avengers: Age of Ultron,United Kingdom,2019-04-12
Jane,Suicide Squad,United Kingdom,2019-04-12
Jane,Sunderland 'Til I Die,United Kingdom,2019-04-12
Jane,Knightfall,United Kingdom,2019-04-12
Jane,Guardians of the Galaxy Vol. 2,United Kingdom,2019-04-12
Jane,Sicario: Day of the Soldado,United Kingdom,2019-04-12
Jane,Formula 1: Drive to Survive,United Kingdom,2019-03-29
Jane,The Horn,United Kingdom,2019-03-29
Jane,Senna,United Kingdom,2019-03-29
Jane,The Dirt,United Kingdom,2019-03-29
Jane,The Boy Who Harnessed the Wind,United Kingdom,2019-03-29
Jane,Losing Sight of Shore,United Kingdom,2019-03-29
Jane,The Zookeeper's Wife,United Kingdom,2019-03-29
Jane,ReMastered: The Miami Showband Massacre,United Kingdom,2019-03-29
Jane,The Highwaymen,United Kingdom,2019-03-29
Jane,Three Girls,United Kingdom,2019-03-29
Jane,Valley Uprising,United Kingdom,2019-03-14
Jane,Get Out,United Kingdom,2019-03-12
Jane,Sons of Anarchy,United Kingdom,2019-02-22
Jane,Dirty John,United Kingdom,2019-02-16
Jane,Christiane Amanpour: Sex & Love Around the World,United Kingdom,2019-02-07
Jane,Velvet Buzzsaw,United Kingdom,2019-02-06
Jane,Split,United Kingdom,2019-02-03
Jane,Abducted in Plain Sight,United Kingdom,2019-02-03
Jane,Kingdom,United Kingdom,2019-01-27
Jane,Conversations with a Killer: The Ted Bundy Tapes,United Kingdom,2019-01-27
Jane,Polar,United Kingdom,2019-01-27
Jane,Star Trek: Discovery,United Kingdom,2019-01-21
Jane,IO,United Kingdom,2019-01-19
Jane,You,United Kingdom,2019-01-05
Jane,The Innocent Man,United Kingdom,2019-01-05
Jane,Black Mirror: Bandersnatch,United Kingdom,2019-01-05
Jane,Mystic River,United Kingdom,2019-01-04
Jane,Centurion,United Kingdom,2019-01-04
Jane,Prohibition: A Film by Ken Burns and Lynn Novick,United Kingdom,2018-12-30
Jane,T2 Trainspotting,United Kingdom,2018-12-29
Jane,The Grand Budapest Hotel,United Kingdom,2018-12-29
Jane,Bird Box,United Kingdom,2018-12-26
Jane,Dumplin',United Kingdom,2018-12-09
Jane,Prisoners,United Kingdom,2018-12-08
Jane,State of Play,United Kingdom,2018-12-08
Jane,Christmas Inheritance,United Kingdom,2018-11-30
Jane,Christmas Wedding Planner,United Kingdom,2018-11-30
Jane,Love the Coopers,United Kingdom,2018-11-30
Jane,The Man Who Invented Christmas,United Kingdom,2018-11-30
Jane,Arthur Christmas,United Kingdom,2018-11-30
Jane,Passengers,United Kingdom,2018-11-25
Jane,The Princess Switch,United Kingdom,2018-11-18
Jane,Allied,United Kingdom,2018-11-16
Jane,Chilling Adventures of Sabrina,United Kingdom,2018-10-27
Jane,Nocturnal Animals,United Kingdom,2018-10-21
Jane,The Ballad of Buster Scruggs,United Kingdom,2018-10-21
Jane,ROMA,United Kingdom,2018-10-21
Jane,Making a Murderer,United Kingdom,2018-10-21
Jane,Unbranded,United Kingdom,2018-10-21
Jane,Battlefish,United Kingdom,2018-10-21
Jane,Outlaw King,United Kingdom,2018-10-21
Jane,The Haunting of Hill House,United Kingdom,2018-10-21
Jane,Hold the Dark,United Kingdom,2018-10-14
Jane,Roman Empire,United Kingdom,2018-10-13
Jane,Operation Finale,United Kingdom,2018-10-07
Jane,Dark Net,United Kingdom,2018-10-07
Jane,Hold the Dark,United Kingdom,2018-10-07
Jane,22 July,United Kingdom,2018-09-27
Jane,Maniac,United Kingdom,2018-09-27
Jane,MINDHUNTER,United Kingdom,2018-09-09
Jane,Snowden,United Kingdom,2018-09-08
Jane,"Crazy, Stupid, Love.",United Kingdom,2018-09-08
Jane,Don't Breathe,United Kingdom,2018-08-25
Jane,Midnight Express,United Kingdom,2018-08-25
Jane,Bram Stoker's Dracula,United Kingdom,2018-08-25
Jane,Mississippi Burning,United Kingdom,2018-08-25
Jane,The Witch,United Kingdom,2018-08-25
Jane,Extinction,United Kingdom,2018-07-27
Jane,Secrets of the Third Reich II,United Kingdom,2018-07-27
Jane,The Staircase,United Kingdom,2018-07-27
Jane,Inglourious Basterds,United Kingdom,2018-07-27
Jane,Anthony Bourdain: Parts Unknown,United Kingdom,2018-07-27
Jane,Pedal the World,United Kingdom,2018-06-09
Jane,Evil Genius: the True Story of America's Most Diabolical Bank Heist,United Kingdom,2018-06-02
Jane,1922,United Kingdom,2018-06-02
Jane,Outside In,United Kingdom,2018-06-02
Jane,Gringo: The Dangerous Life of John McAfee,United Kingdom,2018-06-02
Jane,Cargo,United Kingdom,2018-05-27
Jane,Toast of London,United Kingdom,2018-05-27
Jane,Explained,United Kingdom,2018-05-27
Jane,National Parks Adventure,United Kingdom,2018-05-06
Jane,Decanted.,United Kingdom,2018-05-06
Jane,Monty Python's Flying Circus,United Kingdom,2018-05-06
Jane,Under the Sun,United Kingdom,2018-05-06
Jane,Icarus,United Kingdom,2018-04-13
Jane,Barbecue,United Kingdom,2018-03-30
Jane,The Outsider,United Kingdom,2018-03-19
Jane,The Revenant,United Kingdom,2018-03-17
Jane,Wild Wild Country,United Kingdom,2018-03-17
Jane,Combat Countdown,United Kingdom,2018-03-17
Jane,Mega Food,United Kingdom,2018-03-17
Jane,Inside Man,United Kingdom,2018-03-16
Jane,The IT Crowd,United Kingdom,2018-03-01
Jane,I'm Alan Partridge,United Kingdom,2018-03-01
Jane,WarGames,United Kingdom,2018-02-25
Jane,Further,United Kingdom,2018-02-20
Jane,First Team: Juventus,United Kingdom,2018-02-20
Jane,Capote,United Kingdom,2018-02-11
Jane,Slow TV: National Firewood Evening,United Kingdom,2018-02-11
Jane,Bridge of Spies,United Kingdom,2018-02-11
Jane,Anthropoid,United Kingdom,2018-02-11
Jane,Slow TV: Train Ride Bergen to Oslo,United Kingdom,2018-02-07
Jane,Slow TV: National Firewood Morning,United Kingdom,2018-02-07
Jane,The Cloverfield Paradox,United Kingdom,2018-02-07
Jane,Jiro Dreams of Sushi,United Kingdom,2018-01-21
Jane,Under an Arctic Sky,United Kingdom,2017-12-25
Jane,Ultimate Beastmaster,United Kingdom,2017-12-24
Jane,Bright,United Kingdom,2017-12-24
Jane,Reggie Yates Outside Man,United Kingdom,2017-12-17
Jane,John Wick,United Kingdom,2017-11-25
Jane,Godless,United Kingdom,2017-11-25
Jane,Meru,United Kingdom,2017-11-12
Jane,The Pledge,United Kingdom,2017-10-19
Jane,The Confession Tapes,United Kingdom,2017-10-06
Jane,Everest,United Kingdom,2017-10-06
Jane,Me Before You,United Kingdom,2017-10-06
Jane,Great Wild North,United Kingdom,2017-10-06
Jane,The Bad Education Movie,United Kingdom,2017-10-06
Jane,Rain Man,United Kingdom,2017-10-06
Jane,True Story,United Kingdom,2017-10-06
Jane,The Captive,United Kingdom,2017-10-06
Jane,Seven Years in Tibet,United Kingdom,2017-10-06
Jane,Gaga: Five Foot Two,United Kingdom,2017-10-06
Jane,Star Trek: Discovery,United Kingdom,2017-10-06
Jane,The Betrayed,United Kingdom,2017-10-06
Jane,Elysium,United Kingdom,2017-10-06
Jane,Strong Island,United Kingdom,2017-09-23
Jane,The Magnificent Seven,United Kingdom,2017-09-22
Jane,Hitman: Agent 47,United Kingdom,2017-09-22
Jane,Straight Outta Compton,United Kingdom,2017-09-22
Jane,Terminator Genisys,United Kingdom,2017-09-22
Jane,Spectre,United Kingdom,2017-09-22
Jane,Foo Fighters: Back and Forth,United Kingdom,2017-09-22
Jane,Fantastic Four,United Kingdom,2017-09-22
Jane,Top of the Lake,United Kingdom,2017-09-22
Jane,Taste of the Country,United Kingdom,2017-08-19
Jane,Barbecue,United Kingdom,2017-08-19
Jane,Mission: Impossible - Rogue Nation,United Kingdom,2017-07-30
Jane,Deepwater Horizon,United Kingdom,2017-07-30
Jane,Virgin School,United Kingdom,2017-06-03
Jane,Deep Fried Masters,United Kingdom,2017-06-03
Jane,Killer Legends,United Kingdom,2017-06-03
Jane,Natascha Kampusch: The Whole Story,United Kingdom,2017-06-03
Jane,Portal to the Unknown,United Kingdom,2017-06-03
Jane,When the Bough Breaks,United Kingdom,2017-06-03
Jane,Burlesque: Heart of the Glitter Tribe,United Kingdom,2017-06-03
Jane,Stranger than Fiction,United Kingdom,2017-06-03
Jane,I Am Jane Doe,United Kingdom,2017-06-03
Jane,Killer Kids,United Kingdom,2017-06-03
Jane,The Real Sleeping Beauty,United Kingdom,2017-06-03
Jane,Bates Motel,United Kingdom,2017-06-03
Jane,Occult Crimes,United Kingdom,2017-05-30
Jane,War Machine,United Kingdom,2017-05-30
Jane,13 Reasons Why,United Kingdom,2017-05-30
Jane,The Keepers,United Kingdom,2017-05-30
Jane,Line of Duty,United Kingdom,2017-04-23
Jane,The NSU-Complex,United Kingdom,2017-04-23
Jane,Hot Girls Wanted: Turned On,United Kingdom,2017-04-23
Jane,Star Wars: The Clone Wars,United States,2017-04-12
Jane,Drive,United Kingdom,2017-04-07
Jane,The Nice Guys,United Kingdom,2017-04-07
Jane,Very Bad Men,United Kingdom,2017-04-07
Jane,Captive for 18 Years: The Jaycee Lee Story,United Kingdom,2017-04-05
Jane,A Hologram for the King,United Kingdom,2017-03-19
Jane,Groundhog Day,United Kingdom,2017-03-19
Jane,The Big Lebowski,United Kingdom,2017-03-19
Jane,Peter and the Farm,United Kingdom,2017-03-19
Jane,The Sunshine Makers,United Kingdom,2017-03-19
Jane,"Drugs, Inc.",United Kingdom,2017-03-19
Jane,Today's Special,United Kingdom,2017-03-18
Jane,The Hundred-Foot Journey,United Kingdom,2017-03-18
Jane,I'm Alan Partridge,United Kingdom,2017-03-18
Jane,The Bank Job,United Kingdom,2017-03-18
Jane,Comes a Bright Day,United Kingdom,2017-03-18
Jane,Taken 3,United Kingdom,2017-03-11
Jane,Peaky Blinders,United Kingdom,2017-03-05
Jane,Katherine Ryan: In Trouble,United Kingdom,2017-02-26
Jane,Trevor Noah: Afraid of the Dark,United Kingdom,2017-02-26
Jane,Kingsman: The Secret Service,United Kingdom,2017-02-26
Jane,Red Army,United Kingdom,2017-02-19
Jane,Stalked: Someone's Watching,United Kingdom,2017-01-28
Jane,Birdman or (The Unexpected Virtue of Ignorance),United Kingdom,2017-01-28
Lucy&phil,Friends,United Kingdom,2018-12-24
Lucy&phil,Sherlock,United Kingdom,2018-12-19
Lucy&phil,Dawn of the Croods,United Kingdom,2018-10-30
Lucy&phil,Despicable Me 2,United Kingdom,2018-09-16
Lucy&phil,Transformers Prime,United Kingdom,2018-05-23
Lucy&phil,Back to the Future Part III,United Kingdom,2018-02-11
Lucy&phil,Jurassic World,United Kingdom,2017-10-23
Lucy&phil,Cloudy with a Chance of Meatballs 2,United Kingdom,2017-09-05
Lucy&phil,The Adventures of Puss in Boots,United Kingdom,2017-07-04
Lucy&phil,Dragons: Race to the Edge,United Kingdom,2017-05-02
Lucy&phil,Dexter,United Kingdom,2017-04-17
Lucy&phil,Kingsman: The Secret Service,United Kingdom,2017-03-18
Lucy&phil,All Hail King Julien,United Kingdom,2017-02-26
Lucy&phil,SpongeBob SquarePants,United Kingdom,2017-02-18
